;Kategoria;Grupa;Podgrupa (wymiary);Wymiar 1;Wymiar 2;Wymiar 3;Wymiar 4;Wymiar 5;Jednostka miary;2013;2014;2015;2016;2017;2018;2019;2020;Unnamed: 17
9;FINANSE PUBLICZNE;DOCHODY BUDŻETÓW GMIN I MIAST NA PRAWACH POWIATU;"Dochody na 1 mieszkańca (Wymiary: Jednostki terytorialne; Wskaźniki)";miasta na prawach powiatu;ogółem;;;;zł;4034,84;4501,36;4800,10;4909,08;5142,84;5493,02;;;
171;FINANSE PUBLICZNE;WYDATKI BUDŻETÓW GMIN I MIAST NA PRAWACH POWIATU;"Wydatki na 1 mieszkańca (Wymiary: Jednostki terytorialne; Wskaźniki)";miasta na prawach powiatu;ogółem;;;;zł;4385,72;6012,49;5324,91;4853,25;5364,34;5761,78;;;
199;FINANSE PUBLICZNE;WYDATKI BUDŻETÓW GMIN I MIAST NA PRAWACH POWIATU;"Wydatki ogółem wg działów Klasyfikacji Budżetowej (Wymiary: Jednostki terytorialne; Działy klasyfikacji budżetowej)";miasta na prawach powiatu;Dział 010 - Rolnictwo i łowiectwo;;;;zł;56295,82;84989,34;143210,56;100779,82;74993,33;62269,40;;;
200;FINANSE PUBLICZNE;WYDATKI BUDŻETÓW GMIN I MIAST NA PRAWACH POWIATU;"Wydatki ogółem wg działów Klasyfikacji Budżetowej (Wymiary: Jednostki terytorialne; Działy klasyfikacji budżetowej)";miasta na prawach powiatu;Dział 600 - Transport i łączność;;;;zł;87105598,39;123775457,89;83051984,24;70382720,66;83935814,96;106555294,41;;;
201;FINANSE PUBLICZNE;WYDATKI BUDŻETÓW GMIN I MIAST NA PRAWACH POWIATU;"Wydatki ogółem wg działów Klasyfikacji Budżetowej (Wymiary: Jednostki terytorialne; Działy klasyfikacji budżetowej)";miasta na prawach powiatu;Dział 630 - Turystyka;;;;zł;615056,23;61063,98;61093,21;69830,25;464205,63;32614,28;;;
202;FINANSE PUBLICZNE;WYDATKI BUDŻETÓW GMIN I MIAST NA PRAWACH POWIATU;"Wydatki ogółem wg działów Klasyfikacji Budżetowej (Wymiary: Jednostki terytorialne; Działy klasyfikacji budżetowej)";miasta na prawach powiatu;Dział 700 - Gospodarka mieszkaniowa;;;;zł;64976907,33;89368937,92;58085253,80;53662762,78;67692200,81;66082354,15;;;
203;FINANSE PUBLICZNE;WYDATKI BUDŻETÓW GMIN I MIAST NA PRAWACH POWIATU;"Wydatki ogółem wg działów Klasyfikacji Budżetowej (Wymiary: Jednostki terytorialne; Działy klasyfikacji budżetowej)";miasta na prawach powiatu;Dział 710 - Działalność usługowa;;;;zł;1854501,37;2283345,49;2895523,71;2499027,39;2526875,08;2572274,77;;;
204;FINANSE PUBLICZNE;WYDATKI BUDŻETÓW GMIN I MIAST NA PRAWACH POWIATU;"Wydatki ogółem wg działów Klasyfikacji Budżetowej (Wymiary: Jednostki terytorialne; Działy klasyfikacji budżetowej)";miasta na prawach powiatu;Dział 750 - Administracja publiczna;;;;zł;30961881,11;36890058,36;35666909,49;37507447,84;49131243,57;53451178,96;;;
205;FINANSE PUBLICZNE;WYDATKI BUDŻETÓW GMIN I MIAST NA PRAWACH POWIATU;"Wydatki ogółem wg działów Klasyfikacji Budżetowej (Wymiary: Jednostki terytorialne; Działy klasyfikacji budżetowej)";miasta na prawach powiatu;Dział 751 - Urzędy naczelnych organów władzy państwowej, kontroli i ochrony prawa oraz sądownictwa;;;;zł;20708,77;585514,69;742923,53;86620,70;22904,32;543256,98;;;
206;FINANSE PUBLICZNE;WYDATKI BUDŻETÓW GMIN I MIAST NA PRAWACH POWIATU;"Wydatki ogółem wg działów Klasyfikacji Budżetowej (Wymiary: Jednostki terytorialne; Działy klasyfikacji budżetowej)";miasta na prawach powiatu;Dział 752 - Obrona narodowa;;;;zł;1000,00;1000,00;1000,00;1000,00;1000,00;89553,00;;;
207;FINANSE PUBLICZNE;WYDATKI BUDŻETÓW GMIN I MIAST NA PRAWACH POWIATU;"Wydatki ogółem wg działów Klasyfikacji Budżetowej (Wymiary: Jednostki terytorialne; Działy klasyfikacji budżetowej)";miasta na prawach powiatu;Dział 754 - Bezpieczeństwo publiczne i ochrona przeciwpożarowa;;;;zł;14023470,33;14340532,84;14935909,48;16325422,15;15130050,89;14808953,38;;;
208;FINANSE PUBLICZNE;WYDATKI BUDŻETÓW GMIN I MIAST NA PRAWACH POWIATU;"Wydatki ogółem wg działów Klasyfikacji Budżetowej (Wymiary: Jednostki terytorialne; Działy klasyfikacji budżetowej)";miasta na prawach powiatu;Dział 755 - Wymiar sprawiedliwości;;;;zł;0,00;0,00;0,00;305693,23;299475,53;299755,78;;;
209;FINANSE PUBLICZNE;WYDATKI BUDŻETÓW GMIN I MIAST NA PRAWACH POWIATU;"Wydatki ogółem wg działów Klasyfikacji Budżetowej (Wymiary: Jednostki terytorialne; Działy klasyfikacji budżetowej)";miasta na prawach powiatu;Dział 756 - Dochody od osób prawnych, od osób fizycznych i od innych jednostek nieposiadających osobowości prawnej oraz wydatki związane z ich poborem;;;;zł;0,00;0,00;0,00;0,00;1474,20;0,00;;;
210;FINANSE PUBLICZNE;WYDATKI BUDŻETÓW GMIN I MIAST NA PRAWACH POWIATU;"Wydatki ogółem wg działów Klasyfikacji Budżetowej (Wymiary: Jednostki terytorialne; Działy klasyfikacji budżetowej)";miasta na prawach powiatu;Dział 757 - Obsługa długu publicznego;;;;zł;13263288,53;19811581,93;20431333,19;17560834,48;18993584,42;19593473,12;;;
211;FINANSE PUBLICZNE;WYDATKI BUDŻETÓW GMIN I MIAST NA PRAWACH POWIATU;"Wydatki ogółem wg działów Klasyfikacji Budżetowej (Wymiary: Jednostki terytorialne; Działy klasyfikacji budżetowej)";miasta na prawach powiatu;Dział 758 - Różne rozliczenia;;;;zł;62110,50;46200,00;80324,96;47005,50;76193,04;96868,64;;;
212;FINANSE PUBLICZNE;WYDATKI BUDŻETÓW GMIN I MIAST NA PRAWACH POWIATU;"Wydatki ogółem wg działów Klasyfikacji Budżetowej (Wymiary: Jednostki terytorialne; Działy klasyfikacji budżetowej)";miasta na prawach powiatu;Dział 801 - Oświata i wychowanie;;;;zł;129061957,49;143208169,77;133443886,83;121051045,71;123292735,83;131408866,76;;;
213;FINANSE PUBLICZNE;WYDATKI BUDŻETÓW GMIN I MIAST NA PRAWACH POWIATU;"Wydatki ogółem wg działów Klasyfikacji Budżetowej (Wymiary: Jednostki terytorialne; Działy klasyfikacji budżetowej)";miasta na prawach powiatu;Dział 851 - Ochrona zdrowia;;;;zł;2384560,50;2373041,97;4938378,87;3388231,39;3122223,00;3401831,30;;;
214;FINANSE PUBLICZNE;WYDATKI BUDŻETÓW GMIN I MIAST NA PRAWACH POWIATU;"Wydatki ogółem wg działów Klasyfikacji Budżetowej (Wymiary: Jednostki terytorialne; Działy klasyfikacji budżetowej)";miasta na prawach powiatu;Dział 852 - Pomoc społeczna;;;;zł;88134641,82;91675084,07;90208543,01;138327843,45;48158957,06;47143749,13;;;
215;FINANSE PUBLICZNE;WYDATKI BUDŻETÓW GMIN I MIAST NA PRAWACH POWIATU;"Wydatki ogółem wg działów Klasyfikacji Budżetowej (Wymiary: Jednostki terytorialne; Działy klasyfikacji budżetowej)";miasta na prawach powiatu;Dział 853 - Pozostałe zadania w zakresie polityki społecznej;;;;zł;6690661,75;7222059,36;11568983,31;13115011,73;4357337,02;5677826,60;;;
216;FINANSE PUBLICZNE;WYDATKI BUDŻETÓW GMIN I MIAST NA PRAWACH POWIATU;"Wydatki ogółem wg działów Klasyfikacji Budżetowej (Wymiary: Jednostki terytorialne; Działy klasyfikacji budżetowej)";miasta na prawach powiatu;Dział 854 - Edukacyjna opieka wychowawcza;;;;zł;8599103,32;8197347,11;8752990,25;8654592,08;8897898,75;9036409,19;;;
217;FINANSE PUBLICZNE;WYDATKI BUDŻETÓW GMIN I MIAST NA PRAWACH POWIATU;"Wydatki ogółem wg działów Klasyfikacji Budżetowej (Wymiary: Jednostki terytorialne; Działy klasyfikacji budżetowej)";miasta na prawach powiatu;Dział 855 - Rodzina;;;;zł;;;;;111923890,89;118111473,56;;;
218;FINANSE PUBLICZNE;WYDATKI BUDŻETÓW GMIN I MIAST NA PRAWACH POWIATU;"Wydatki ogółem wg działów Klasyfikacji Budżetowej (Wymiary: Jednostki terytorialne; Działy klasyfikacji budżetowej)";miasta na prawach powiatu;Dział 900 - Gospodarka komunalna i ochrona środowiska;;;;zł;30467529,08;49146350,85;44554447,03;38351318,56;38728112,63;39724521,54;;;
219;FINANSE PUBLICZNE;WYDATKI BUDŻETÓW GMIN I MIAST NA PRAWACH POWIATU;"Wydatki ogółem wg działów Klasyfikacji Budżetowej (Wymiary: Jednostki terytorialne; Działy klasyfikacji budżetowej)";miasta na prawach powiatu;Dział 921 - Kultura i ochrona dziedzictwa narodowego;;;;zł;28893926,51;106287486,77;96289632,20;16917545,74;20617653,44;18240878,85;;;
220;FINANSE PUBLICZNE;WYDATKI BUDŻETÓW GMIN I MIAST NA PRAWACH POWIATU;"Wydatki ogółem wg działów Klasyfikacji Budżetowej (Wymiary: Jednostki terytorialne; Działy klasyfikacji budżetowej)";miasta na prawach powiatu;Dział 926 - Kultura fizyczna;;;;zł;12732440,28;9690225,42;12204865,03;19428962,00;14434615,07;14723613,26;;;
1275;GOSPODARKA MIESZKANIOWA I KOMUNALNA;URZĄDZENIA SIECIOWE;"Korzystający z instalacji w % ogółu ludności (Wymiary: Lokalizacje; Rodzaje instalacji)";w miastach;wodociąg;;;;%;97,6;97,7;97,7;97,7;97,7;97,4;;;
1276;GOSPODARKA MIESZKANIOWA I KOMUNALNA;URZĄDZENIA SIECIOWE;"Korzystający z instalacji w % ogółu ludności (Wymiary: Lokalizacje; Rodzaje instalacji)";w miastach;kanalizacja;;;;%;78,6;83,2;83,5;83,8;83,9;82,1;;;
1277;GOSPODARKA MIESZKANIOWA I KOMUNALNA;URZĄDZENIA SIECIOWE;"Korzystający z instalacji w % ogółu ludności (Wymiary: Lokalizacje; Rodzaje instalacji)";w miastach;gaz;;;;%;93,4;93,1;92,9;92,8;93,1;92,8;;;
1333;GOSPODARKA MIESZKANIOWA I KOMUNALNA;ZASOBY MIESZKANIOWE;"Mieszkania wyposażone w instalacje - w % ogółu mieszkań (Wymiary: Lokalizacje; Rodzaje instalacji)";w miastach;centralne ogrzewanie;;;;%;72,6;72,8;72,9;73,0;73,1;73,3;;;
1411;GOSPODARKA MIESZKANIOWA I KOMUNALNA;ZASOBY MIESZKANIOWE;Zasoby mieszkaniowe - wskaźniki (Wymiary: Wskaźniki);mieszkania na 1000 mieszkańców;;;;;-;428,3;433,3;437,8;441,5;445,1;450,2;;;
1440;HANDEL I GASTRONOMIA;SKLEPY I STACJE PALIW;Sklepy wg form organizacyjnych (Wymiary: Formy organizacyjne);supermarkety;;;;;ob.;20;20;22;22;23;23;22;;
1456;INWESTYCJE I ŚRODKI TRWAŁE;NAKŁADY INWESTYCYJNE I ŚRODKI TRWAŁE W PRZEDSIĘBIORSTWACH WG PKD 2007;"Nakłady inwestycyjne i wartość brutto środków trwałych (Wymiary: Wyszczególnienie; Zakres przedmiotowy; Sektory ekonomiczne)";nakłady inwestycyjne w przedsiębiorstwach;w % ogółem;rolnictwo, leśnictwo, łowiectwo i rybactwo;;;%;0,0;0,0;0,0;0,3;0,0;2,2;;;
1457;INWESTYCJE I ŚRODKI TRWAŁE;NAKŁADY INWESTYCYJNE I ŚRODKI TRWAŁE W PRZEDSIĘBIORSTWACH WG PKD 2007;"Nakłady inwestycyjne i wartość brutto środków trwałych (Wymiary: Wyszczególnienie; Zakres przedmiotowy; Sektory ekonomiczne)";nakłady inwestycyjne w przedsiębiorstwach;w % ogółem;przemysł i budownictwo;;;%;73,9;77,1;75,0;83,0;88,5;89,2;;;
1458;INWESTYCJE I ŚRODKI TRWAŁE;NAKŁADY INWESTYCYJNE I ŚRODKI TRWAŁE W PRZEDSIĘBIORSTWACH WG PKD 2007;"Nakłady inwestycyjne i wartość brutto środków trwałych (Wymiary: Wyszczególnienie; Zakres przedmiotowy; Sektory ekonomiczne)";nakłady inwestycyjne w przedsiębiorstwach;w % ogółem;"handel; naprawa pojazdów samochodowych; transport i gospodarka magazynowa; zakwaterowanie i gastronomia; informacja i komunikacja";;;%;7,6;9,6;13,3;6,6;8,4;4,1;;;
1459;INWESTYCJE I ŚRODKI TRWAŁE;NAKŁADY INWESTYCYJNE I ŚRODKI TRWAŁE W PRZEDSIĘBIORSTWACH WG PKD 2007;"Nakłady inwestycyjne i wartość brutto środków trwałych (Wymiary: Wyszczególnienie; Zakres przedmiotowy; Sektory ekonomiczne)";nakłady inwestycyjne w przedsiębiorstwach;w % ogółem;"działalność finansowa i ubezpieczeniowa; obsługa rynku nieruchomości";;;%;3,6;6,5;6,3;5,5;1,5;1,2;;;
1460;INWESTYCJE I ŚRODKI TRWAŁE;NAKŁADY INWESTYCYJNE I ŚRODKI TRWAŁE W PRZEDSIĘBIORSTWACH WG PKD 2007;"Nakłady inwestycyjne i wartość brutto środków trwałych (Wymiary: Wyszczególnienie; Zakres przedmiotowy; Sektory ekonomiczne)";nakłady inwestycyjne w przedsiębiorstwach;w % ogółem;pozostałe usługi;;;%;14,9;6,8;5,3;4,5;1,6;3,3;;;
1478;KULTURA FIZYCZNA, SPORT I REKREACJA;SPORT;Kluby sportowe łącznie z klubami wyznaniowymi i UKS (Wymiary: Kluby sportowe);ćwiczący ogółem;;;;;osoba;;1871;;2294;;2386;;;
1506;KULTURA I SZTUKA;BIBLIOTEKI;Biblioteki publiczne - wskaźniki (Wymiary: Wskaźniki);ludność na 1 placówkę biblioteczną (łącznie z punktami bibliotecznymi ujętymi zgodnie z siedzibą jednostki macierzystej);;;;;osoba;8423;9724;9621;10415;10329;10236;10123;;
1563;KULTURA I SZTUKA;DZIAŁALNOŚĆ CENTRÓW, DOMÓW, OŚRODKÓW KULTURY, KLUBÓW I ŚWIETLIC;Centra, domy i ośrodki kultury, kluby i świetlice (Wymiary: Wyszczególnienie);liczba uczestników imprez na 1000 mieszkańców;;;;;osoba;339,7;1324,8;742,5;851,5;878,1;50,3;736,6;;
1621;KULTURA I SZTUKA;DZIAŁALNOŚĆ CENTRÓW, DOMÓW, OŚRODKÓW KULTURY, KLUBÓW I ŚWIETLIC;Infrastruktura centrów, domów i ośrodków kultury, klubów i świetlic (Wymiary: Infrastruktura);obiekty przystosowane dla osób niepełnosprawnych;;;;;ob.;2;2;2;2;;;;;
1712;KULTURA I SZTUKA;KINA;Liczba ludności na 1 miejsce w kinach stałych (Wymiary: Wyszczególnienie);ogółem;;;;;osoba;64;63;63;62;62;61;60;;
1723;KULTURA I SZTUKA;MUZEA;Muzea (Wymiary: Muzea);muzea łącznie z oddziałami;;;;;ob.;1;2;2;2;2;2;2;;
1743;KULTURA I SZTUKA;ORGANIZACJA IMPREZ MASOWYCH;"Imprezy artystyczno - rozrywkowe, interdyscyplinarne i sportowe (Wymiary: Wyszczególnienie; Imprezy)";liczba imprez;ogółem;;;;-;13;20;18;15;20;16;16;;
1795;LUDNOŚĆ;MAŁŻEŃSTWA, ROZWODY I SEPARACJE;Małżeństwa na 1000 ludności (Wymiary: Ogółem);ogółem;;;;;-;3,7;4,5;4,0;4,3;4,2;4,1;3,8;;
1798;LUDNOŚĆ;MAŁŻEŃSTWA, ROZWODY I SEPARACJE;Rozwody na 1000 ludności (Wymiary: Ogółem);ogółem;;;;;-;2,2;2,5;2,4;2,2;2,1;2,1;2,2;;
1927;LUDNOŚĆ;MIGRACJE WEWNĘTRZNE I ZAGRANICZNE;"Migracje na pobyt stały wewnętrzne i zagraniczne (dane półroczne) (Wymiary: Okresy; Migracje)";rok;migracje wewnętrzne na pobyt stały - napływ;;;;osoba;660;564;618;529;581;721;664;;
1928;LUDNOŚĆ;MIGRACJE WEWNĘTRZNE I ZAGRANICZNE;"Migracje na pobyt stały wewnętrzne i zagraniczne (dane półroczne) (Wymiary: Okresy; Migracje)";rok;migracje zagraniczne na pobyt stały - imigracja;;;;osoba;34;29;0;21;17;29;21;;
4812;LUDNOŚĆ;STAN LUDNOŚCI;Gęstość zaludnienia oraz wskaźniki (Wymiary: Wskaźniki);ludność na 1 km2;;;;;osoba;1392;1378;1363;1353;1341;1329;1315;;
4942;LUDNOŚĆ;STAN LUDNOŚCI;"Ludność wg grup wieku i płci (Wymiary: Wiek; Płeć)";ogółem;ogółem;;;;osoba;117926;116691;115453;114568;113621;112594;111356;;
5209;LUDNOŚĆ;URODZENIA I ZGONY;Urodzenia żywe, zgony i przyrost naturalny na 1000 ludności (Wymiary: Urodzenia żywe i zgony);przyrost naturalny na 1000 ludności;;;;;-;-6,15;-5,60;-6,71;-6,41;-6,34;-6,77;-8,19;;
5346;OCHRONA ZDROWIA, OPIEKA SPOŁECZNA I ŚWIADCZENIA NA RZECZ RODZINY;AMBULATORYJNA OPIEKA ZDROWOTNA;Podmioty ambulatoryjne (stan w dniu 31 XII) (Wymiary: Rodzaje placówek);przychodnie na 10 tys. ludności;;;;;ob.;3;3;3;4;4;4;4;;
5353;OCHRONA ZDROWIA, OPIEKA SPOŁECZNA I ŚWIADCZENIA NA RZECZ RODZINY;BENEFICJENCI ŚRODOWISKOWEJ POMOCY SPOŁECZNEJ;Beneficjenci środowiskowej pomocy społecznej - wskaźniki (Wymiary: Wyszczególnienie);beneficjenci środowiskowej pomocy społecznej na 10 tys. ludności;;;;;osoba;957;887;805;745;639;556;;;
5412;OCHRONA ZDROWIA, OPIEKA SPOŁECZNA I ŚWIADCZENIA NA RZECZ RODZINY;KADRA MEDYCZNA;Lekarze - wskaźniki (Wymiary: Wskaźniki);lekarze (personel pracujący ogółem) na 10 tys. ludności;;;;;osoba;2,0;2,0;50,7;66,8;48,9;32,5;;;
5535;OCHRONA ZDROWIA, OPIEKA SPOŁECZNA I ŚWIADCZENIA NA RZECZ RODZINY;SZPITALE;Łóżka w szpitalach ogólnych - wskaźniki (Wymiary: Wyszczególnienie);łóżka w szpitalach ogólnych;;;;;-;817;801;834;831;834;809;;;
5654;ORGANIZACJA PAŃSTWA I WYMIAR SPRAWIEDLIWOŚCI;PRZESTĘPSTWA STWIERDZONE PRZEZ POLICJĘ W ZAKOŃCZONYCH POSTĘPOWANIACH PRZYGOTOWAWCZYCH;Przestępstwa stwierdzone przez Policję w zakończonych postępowaniach przygotowawczych (Wymiary: Przestępstwa);wskaźnik wykrywalności sprawców przestępstw stwierdzonych przez Policję - ogółem;;;;;%;78,4;76,2;74,7;75,9;77,1;81,2;86,6;;
5663;ORGANIZACJA PAŃSTWA I WYMIAR SPRAWIEDLIWOŚCI;PRZESTĘPSTWA STWIERDZONE PRZEZ POLICJĘ W ZAKOŃCZONYCH POSTĘPOWANIACH PRZYGOTOWAWCZYCH;Przestępstwa stwierdzone przez Policję w zakończonych postępowaniach przygotowawczych (Wymiary: Przestępstwa);przestępstwa stwierdzone przez Policję ogółem na 1000 mieszkańców;;;;;-;53,33;46,53;35,34;32,32;28,29;35,49;49,85;;
5987;PODMIOTY GOSPODARKI NARODOWEJ, PRZEKSZTAŁCENIA WŁASNOŚCIOWE I STRUKTURALNE;PODMIOTY GOSPODARKI NARODOWEJ - WSKAŹNIKI;Podmioty - wskaźniki (Wymiary: Wykaz);podmioty wpisane do rejestru na 1000 ludności;;;;;-;120;121;121;121;122;120;123;;
8370;PODZIAŁ TERYTORIALNY;POWIERZCHNIA GEODEZYJNA KRAJU (DANE GUGIK);Powierzchnia (Wymiary: Powierzchnia);ogółem w km2;;;;;km2;85;85;85;85;85;85;85;;
8373;PODZIAŁ TERYTORIALNY;POWIERZCHNIA GEODEZYJNA KRAJU (DANE GUGIK);Powierzchnia geodezyjna kraju według kierunków wykorzystania (Wymiary: Kierunki wykorzystania powierzchni);użytki rolne razem;;;;;ha;2909;2891;;;;;;;
8381;PODZIAŁ TERYTORIALNY;POWIERZCHNIA GEODEZYJNA KRAJU (DANE GUGIK);Powierzchnia geodezyjna kraju według kierunków wykorzystania (Wymiary: Kierunki wykorzystania powierzchni);grunty leśne oraz zadrzewione i zakrzewione razem;;;;;ha;2663;2666;;;;;;;
8387;PODZIAŁ TERYTORIALNY;POWIERZCHNIA GEODEZYJNA KRAJU (DANE GUGIK);Powierzchnia geodezyjna kraju według kierunków wykorzystania (Wymiary: Kierunki wykorzystania powierzchni);grunty zabudowane i zurbanizowane razem;;;;;ha;2662;2678;;;;;;;
8399;PRZEMYSŁ I BUDOWNICTWO;BUDOWNICTWO MIESZKANIOWE;Budownictwo mieszkaniowe – wskaźniki (Wymiary: Wskaźniki);mieszkania na 1000 ludności;;;;;-;0,2;2,0;0,3;0,9;0,3;1,7;1,5;;
10771;PRZEMYSŁ I BUDOWNICTWO;POZWOLENIA WYDANE NA BUDOWĘ I ZGŁOSZENIA BUDOWY Z PROJEKTEM BUDOWLANYM;"Nowe budynki mieszkalne (dane kwartalne) (Wymiary: Okresy; Rodzaje budynków; Zakres przedmiotowy)";rok;ogółem;pozwolenia i zgłoszenia z projektem;;;szt.;18;19;21;19;67;21;31;;
10916;PRZEMYSŁ I BUDOWNICTWO;PRODUKCJA SPRZEDANA PRZEMYSŁU I BUDOWNICTWA;"Produkcja sprzedana przemysłu ogółem i na 1 mieszkańca (podmioty o liczbie pracujących>9) (Wymiary: Klasyfikacje PKD; Zakres przedmiotowy)";wg PKD 2007;na 1 mieszkańca;;;;zł;59309;65837;71260;75963;80213;83869;;;
12491;RYNEK PRACY;BEZROBOCIE REJESTROWANE;"Niepełnosprawni zarejestrowani w urzędzie pracy wg płci (Wymiary: Płeć; Bezrobotni)";ogółem;ogółem;;;;osoba;778;662;514;448;295;270;225;;
12554;RYNEK PRACY;BEZROBOCIE REJESTROWANE;Oferty pracy wg grup osób (Wymiary: Grupy osób);ogółem;;;;;-;202;424;587;454;439;287;251;;
12602;RYNEK PRACY;PRACUJĄCY WEDŁUG INNEGO PODZIAŁU NIŻ PKD;Pracujący na 1000 ludności (Wymiary: Pracujący);ogółem;;;;;osoba;253;258;260;261;267;269;;;
12793;SAMORZĄD TERYTORIALNY;PLANOWANIE PRZESTRZENNE;Decyzje o ustaleniu lokalizacji inwestycji celu publicznego i o warunkach zabudowy (Wymiary: Decyzje);decyzje o warunkach zabudowy ogółem;;;;;szt.;105;138;119;143;177;181;;;
12827;STAN I OCHRONA ŚRODOWISKA;EMISJA ZANIECZYSZCZEŃ POWIETRZA Z ZAKŁADÓW SZCZEGÓLNIE UCIĄŻLIWYCH;Emisja zanieczyszczeń gazowych (Wymiary: Rodzaje zanieczyszczeń);ogółem;;;;;t/r;281500;266666;289366;279756;292755;300562;268430;;
12850;STAN I OCHRONA ŚRODOWISKA;GOSPODARKA WODNO-ŚCIEKOWA W PRZEMYŚLE;Ścieki przemysłowe odprowadzone w ciągu roku (Wymiary: Rodzaje ścieków);ścieki odprowadzone ogółem;;;;;dam3;133;122;122;118;120;121;;;
12864;STAN I OCHRONA ŚRODOWISKA;OCHRONA PRZYRODY I RÓŻNORODNOŚCI BIOLOGICZNEJ;Obszary prawnie chronione (Wymiary: Rodzaje obszarów);ogółem;;;;;ha;1434,10;1434,10;1434,10;1434,10;1434,10;1434,10;;;
12938;STAN I OCHRONA ŚRODOWISKA;ODPADY WYTWORZONE I DOTYCHCZAS SKŁADOWANE (NAGROMADZONE Z WYŁĄCZENIEM ODPADÓW KOMUNALNYCH);Odpady - wskaźniki (Wymiary: Wskaźniki);odpady wytworzone na 1 km2;;;;;t;975,3;1116,5;;;;;;;
12971;STAN I OCHRONA ŚRODOWISKA;TERENY ZIELENI;Tereny zieleni - wskaźniki (Wymiary: Wskaźniki);udział parków, zieleńców i terenów zieleni osiedlowej w powierzchni ogółem;;;;;%;2,0;2,0;2,0;2,5;2,5;2,2;;;
13078;SZKOLNICTWO;SKOLARYZACJA;"Współczynniki skolaryzacji (szkolnictwo podstawowe i gimnazjalne) (Wymiary: Rodzaje współczynników; Typy szkół)";współczynnik skolaryzacji brutto;szkoły podstawowe;;;;%;97,23;93,33;90,02;101,17;99,36;96,37;;;
13079;SZKOLNICTWO;SKOLARYZACJA;"Współczynniki skolaryzacji (szkolnictwo podstawowe i gimnazjalne) (Wymiary: Rodzaje współczynników; Typy szkół)";współczynnik skolaryzacji brutto;gimnazja;;;;%;106,22;103,48;98,81;98,57;96,19;91,07;;;
13130;SZKOLNICTWO;SZKOLNICTWO GIMNAZJALNE;"Gimnazja dla dzieci, młodzieży i dorosłych (Wymiary: Typy szkół; Wykaz; Przyporządkowanie)";gimnazja dla dzieci i młodzieży bez specjalnych;ogółem;ogółem;;;ob.;14;14;13;13;1;1;;;
13309;SZKOLNICTWO;SZKOLNICTWO OGÓLNOKSZTAŁCĄCE;"Licea ogólnokształcące dla młodzieży bez specjalnych (Wymiary: Typy szkół; Wykaz; Gestor)";licea ogólnokształcące dla młodzieży bez specjalnych;ogółem;ogółem;;;ob.;7;7;7;7;6;6;;;
13408;SZKOLNICTWO;SZKOLNICTWO PODSTAWOWE;"Szkoły podstawowe dla dzieci, młodzieży i dorosłych wg gestora (Wymiary: Typy szkół; Szkoły/Pomieszczenia/Uczniowie; Gestor)";szkoły podstawowe dla dzieci i młodzieży bez specjalnych;ogółem;ogółem;;;ob.;15;16;17;17;19;19;;;
13660;SZKOLNICTWO;SZKOLNICTWO PONADGIMNAZJALNE I PONADPODSTAWOWE, ZAWODOWE I ARTYSTYCZNE;"Szkoły średnie zawodowe razem (Wymiary: Szkoły; Wykaz)";technika (wraz z ogólnokształcącymi szkołami artystycznymi dającymi uprawnienia zawodowe);ogółem;;;;ob.;7;6;4;4;5;5;;;
13664;SZKOLNICTWO;SZKOLNICTWO PONADGIMNAZJALNE I PONADPODSTAWOWE, ZAWODOWE I ARTYSTYCZNE;"Szkoły zawodowe wg typu i gestora (Wymiary: Typy szkół; Wykaz; Gestor)";technika dla młodzieży bez specjalnych;ogółem;ogółem;;;ob.;4;4;3;3;4;4;;;
13963;SZKOLNICTWO;SZKOŁY PONADGIMNAZJALNE I PONADPODSTAWOWE ORAZ POLICEALNE;Zdawalność egzaminów maturalnych (Wymiary: Rodzaj szkół);licea ogólnokształcące;;;;;%;87,3;84,7;87,3;85,3;89,4;90,1;;;
13966;SZKOLNICTWO WYŻSZE;UCZELNIE;Uczelnie, studenci i absolwenci wg powiatów (Wymiary: Wyszczególnienie);uczelnie ogółem;;;;;ob.;2;2;2;2;2;2;;;
13977;TRANSPORT I ŁĄCZNOŚĆ;DROGI PUBLICZNE POWIATOWE;"Drogi - wskaźniki (Wymiary: Typy dróg; Wskaźniki)";drogi gminne i powiatowe o twardej nawierzchni;na 100 km2;;;;km;192,0;194,5;194,5;194,5;194,5;194,0;;;
14005;TRANSPORT I ŁĄCZNOŚĆ;POJAZDY;Pojazdy samochodowe i ciągniki - wskaźniki (Wymiary: Wskaźniki);samochody osobowe na 1000 ludności;;;;;szt.;73,9;136,0;187,1;237,4;276,0;313,9;;;
14130;TRANSPORT I ŁĄCZNOŚĆ;ŚCIEŻKI ROWEROWE;Długość ścieżek rowerowych (dróg dla rowerów) (Wymiary: Ścieżki rowerowe i bus pasy);ścieżki rowerowe na 100 km2;;;;;km;9,21;15,23;17,24;24,32;29,16;33,77;;;
14136;TRANSPORT I ŁĄCZNOŚĆ;WYPADKI DROGOWE;Wypadki drogowe i ich ofiary - wskaźniki (Wymiary: Wskaźniki);wypadki drogowe na 100 tys. ludności;;;;;osoba;99,5;106,6;68,9;102,7;86,8;76,9;;;
14138;TRANSPORT I ŁĄCZNOŚĆ;WYPADKI DROGOWE;Wypadki drogowe i ich ofiary - wskaźniki (Wymiary: Wskaźniki);ofiary śmiertelne na 100 tys. ludności;;;;;osoba;2,53;3,41;1,72;2,61;3,51;2,65;;;
14562;WYCHOWANIE PRZEDSZKOLNE;PRZEDSZKOLA;Wychowanie przedszkole - wskaźniki (Wymiary: Wskaźniki);miejsca w przedszkolach na 1000 dzieci w grupie wieku 3-6 lat;;;;;osoba;;828,0;778,9;818,0;802,3;941,9;;;
14600;WYNAGRODZENIA I ŚWIADCZENIA SPOŁECZNE;WYNAGRODZENIA;Przeciętne miesięczne wynagrodzenia brutto (Wymiary: Wyszczególnienie);ogółem;;;;;zł;3735,14;3943,28;4036,65;4180,67;4481,44;4768,01;;;
